job_id,title,company,description,required_skills,preferred_skills,experience_level,location
1,Senior Software Engineer,TechCorp Inc.,"We are looking for a Senior Software Engineer to join our team. The ideal candidate will have strong experience in software development and a passion for creating high-quality applications.","Python,Java,JavaScript,SQL,API Development","Docker,Kubernetes,AWS,CI/CD,Microservices",Senior,"San Francisco, CA"
2,Data Scientist,DataInsights LLC,"Join our data science team to work on exciting projects involving machine learning, data analysis, and predictive modeling.","Python,R,SQL,Statistics,Machine Learning","TensorFlow,PyTorch,Deep Learning,NLP,Big Data",Mid-Level,"New York, NY"
3,DevOps Engineer,CloudTech Solutions,"We need a DevOps Engineer to help us build and maintain our cloud infrastructure and CI/CD pipelines.","Linux,Shell Scripting,AWS,Azure,Docker","Kubernetes,Terraform,Ansible,Monitoring,Automation",Mid-Level,"Remote"
4,Product Manager,InnovateX,"Looking for a Product Manager to drive product development and innovation.","Product Strategy,Agile,User Research,Data Analysis","Technical Background,UX Design,Market Research,Communication",Mid-Level,"Boston, MA"
5,Frontend Developer,WebCraft Inc.,"Join our frontend team to build beautiful and responsive web applications.","HTML,CSS,JavaScript,React,Vue.js","TypeScript,Redux,Webpack,Testing,Accessibility",Junior,"Chicago, IL"
6,Backend Developer,ServerLogic,"We need a Backend Developer to build scalable and efficient server-side applications.","Python,Java,Node.js,SQL,API Design","GraphQL,MongoDB,Redis,Caching,Security",Mid-Level,"Austin, TX"
7,UX Designer,DesignHub,"Looking for a UX Designer to create intuitive and engaging user experiences.","UI Design,Wireframing,Prototyping,User Research","Figma,Sketch,Adobe XD,Interaction Design,Accessibility",Mid-Level,"Seattle, WA"
8,QA Engineer,QualityFirst,"Join our QA team to ensure the quality of our software products.","Testing,Automation,Python,JavaScript,Bug Tracking","Selenium,Jest,JIRA,CI/CD,Performance Testing",Mid-Level,"Denver, CO"
9,Machine Learning Engineer,AI Solutions,"We need a Machine Learning Engineer to develop and deploy ML models.","Python,TensorFlow,PyTorch,SQL,ML Algorithms","Deep Learning,NLP,Computer Vision,MLOps,Cloud",Senior,"Remote"
10,Full Stack Developer,WebWorks,"Looking for a Full Stack Developer to build end-to-end web applications.","JavaScript,Python,HTML,CSS,SQL","React,Node.js,Django,PostgreSQL,AWS",Mid-Level,"Portland, OR"
job_title,description,required_skills
Full Stack Developer,"We are seeking a Full Stack Developer to build end-to-end web applications. You will work on both frontend and backend development, ensuring seamless integration between components. Experience with modern JavaScript frameworks and server-side technologies is required.","JavaScript, React, Node.js, Express, MongoDB, SQL, RESTful APIs, HTML, CSS, Git, Docker, AWS, responsive design, TypeScript, Redux, GraphQL, WebSockets, CI/CD, agile methodologies"
Data Science Manager,"Join our data science team as a manager to lead projects and mentor junior data scientists. You will oversee the development of machine learning models, establish best practices, and ensure successful delivery of data science initiatives. Strong leadership and technical skills are required.","Python, machine learning, team leadership, project management, statistical analysis, data visualization, SQL, pandas, numpy, scikit-learn, TensorFlow, PyTorch, communication, mentoring, agile methodologies, data strategy, stakeholder management"
Cloud Architect,"We are looking for a Cloud Architect to design and implement cloud infrastructure solutions. You will work with cross-functional teams to migrate applications to the cloud, optimize performance, and ensure security and compliance. Experience with major cloud providers and infrastructure as code is required.","AWS, Azure, GCP, cloud architecture, infrastructure as code, Terraform, CloudFormation, Docker, Kubernetes, microservices, serverless, networking, security, CI/CD, monitoring, cost optimization, high availability, disaster recovery, scalability"
Security Engineer,"Join our security team to protect our systems and data from cyber threats. You will implement security measures, conduct vulnerability assessments, and respond to security incidents. Experience with security tools and best practices is required.","Security, cybersecurity, penetration testing, vulnerability assessment, security tools, firewalls, encryption, authentication, authorization, compliance, GDPR, CCPA, SOC2, ISO27001, incident response, threat modeling, security architecture, network security, application security"
Business Intelligence Analyst,"We are seeking a Business Intelligence Analyst to transform data into actionable business insights. You will develop reports and dashboards, conduct data analysis, and provide recommendations to stakeholders. Experience with BI tools and SQL is required.","SQL, Tableau, Power BI, data analysis, business intelligence, data warehousing, ETL, reporting, data visualization, Excel, Python, R, statistics, KPI tracking, dashboard design, data modeling, storytelling, stakeholder communication, requirements gathering"
QA Engineer,"Join our QA team to ensure the quality of our software products. You will develop test plans, write automated tests, and perform manual testing. Experience with testing frameworks and methodologies is required.","Testing, QA, automated testing, manual testing, Selenium, JUnit, TestNG, Cypress, Jest, test planning, test cases, bug tracking, JIRA, agile methodologies, CI/CD, Jenkins, Git, API testing, performance testing, load testing, security testing, test automation frameworks"
Mobile Developer,"We are looking for a Mobile Developer to build native and cross-platform mobile applications. You will work on iOS and Android development, ensuring high performance and great user experience. Experience with mobile frameworks and platforms is required.","iOS, Android, Swift, Kotlin, React Native, Flutter, mobile development, app development, UI/UX, responsive design, RESTful APIs, Git, CI/CD, testing, performance optimization, app store submission, push notifications, offline storage, mobile security, cross-platform development"
Blockchain Developer,"Join our blockchain team to develop decentralized applications and smart contracts. You will work on blockchain platforms, implement cryptographic protocols, and ensure security and scalability. Experience with blockchain technologies and programming languages is required.","Blockchain, Ethereum, Solidity, smart contracts, Web3.js, cryptography, decentralized applications, DApps, consensus algorithms, token standards, ERC-20, ERC-721, IPFS, Truffle, Hardhat, MetaMask, DeFi, NFTs, blockchain security, gas optimization, testing, documentation"
AI Research Scientist,"We are seeking an AI Research Scientist to advance our machine learning capabilities. You will conduct research, develop novel algorithms, and publish findings in academic journals. Experience with deep learning, computer vision, or NLP is required.","Machine learning, deep learning, research, computer vision, natural language processing, PyTorch, TensorFlow, JAX, papers, publications, algorithms, mathematics, statistics, optimization, reinforcement learning, generative models, transformers, attention mechanisms, model architecture, experimentation, collaboration"
Game Developer,"Join our game development team to create engaging and immersive gaming experiences. You will work on game mechanics, graphics, physics, and user interface. Experience with game engines and programming languages is required.","Unity, Unreal Engine, C#, C++, game development, 3D modeling, animation, physics, game mechanics, user interface, performance optimization, cross-platform development, game design, level design, asset management, version control, testing, debugging, game analytics, monetization, multiplayer, networking"
Robotics Engineer,"We are looking for a Robotics Engineer to develop autonomous systems and robotic solutions. You will work on perception, control systems, and hardware integration. Experience with robotics frameworks and programming languages is required.","Robotics, ROS, Python, C++, perception, computer vision, control systems, sensors, actuators, SLAM, path planning, navigation, hardware integration, embedded systems, real-time systems, simulation, testing, debugging, documentation, collaboration, problem-solving, innovation"
AR/VR Developer,"Join our AR/VR team to create immersive experiences and applications. You will work on 3D modeling, interaction design, and performance optimization. Experience with AR/VR frameworks and platforms is required.","AR, VR, Unity, Unreal Engine, 3D modeling, animation, interaction design, user experience, performance optimization, cross-platform development, asset management, version control, testing, debugging, analytics, monetization, multiplayer, networking, haptics, spatial computing, gesture recognition"
Quantum Computing Researcher,"We are seeking a Quantum Computing Researcher to advance our quantum algorithms and applications. You will conduct research, develop quantum circuits, and optimize quantum algorithms. Experience with quantum computing frameworks and programming languages is required.","Quantum computing, Qiskit, Cirq, quantum algorithms, quantum circuits, quantum gates, quantum error correction, quantum simulation, quantum machine learning, quantum cryptography, quantum teleportation, quantum entanglement, quantum superposition, quantum measurement, quantum optimization, quantum annealing, adiabatic quantum computing"
Bioinformatics Scientist,"Join our bioinformatics team to analyze genomic data and develop computational biology solutions. You will work on sequence analysis, structural biology, and drug discovery. Experience with bioinformatics tools and programming languages is required.","Bioinformatics, genomics, Python, R, sequence analysis, structural biology, drug discovery, machine learning, data analysis, visualization, statistics, algorithms, databases, cloud computing, high-performance computing, collaboration, communication, documentation, research, innovation"
Climate Data Scientist,"We are looking for a Climate Data Scientist to analyze climate data and develop predictive models. You will work on climate change research, environmental monitoring, and policy recommendations. Experience with climate data and machine learning is required.","Climate data, Python, R, machine learning, data analysis, visualization, statistics, remote sensing, GIS, satellite imagery, climate models, predictive modeling, time series analysis, geospatial analysis, environmental monitoring, policy analysis, collaboration, communication, documentation, research, innovation"
Digital Health Engineer,"Join our digital health team to develop healthcare applications and solutions. You will work on electronic health records, telemedicine, and health monitoring systems. Experience with healthcare technologies and regulations is required.","Digital health, healthcare, electronic health records, telemedicine, health monitoring, Python, Java, JavaScript, mobile development, web development, databases, security, privacy, HIPAA, regulations, standards, interoperability, integration, testing, validation, documentation, collaboration, communication"
Cybersecurity Analyst,"We are seeking a Cybersecurity Analyst to protect our systems and data from cyber threats. You will monitor security alerts, investigate incidents, and implement security measures. Experience with security tools and best practices is required.","Cybersecurity, security monitoring, incident response, threat detection, vulnerability assessment, security tools, SIEM, IDS/IPS, firewalls, encryption, authentication, authorization, compliance, GDPR, CCPA, SOC2, ISO27001, network security, application security, cloud security, security architecture, security operations, threat intelligence"
Data Privacy Officer,"Join our data privacy team to ensure compliance with privacy regulations and best practices. You will develop privacy policies, conduct privacy impact assessments, and manage data subject requests. Experience with privacy regulations and frameworks is required.","Data privacy, GDPR, CCPA, privacy regulations, privacy policies, privacy impact assessments, data subject requests, consent management, data minimization, purpose limitation, storage limitation, accuracy, integrity, confidentiality, security, transparency, accountability, documentation, training, awareness, communication, collaboration" 